003_Aegopogon_clean	Aegopogon
014_Aegopogon_clean	Aegopogon
044_Aegopogon_clean	Aegopogon
050_Aegopogon_clean	Aegopogon
055_Aegopogon_clean	Aegopogon
066_Aegopogon_clean	Aegopogon
073_Aegopogon_clean	Aegopogon
A01_Aegopogon_clean	Aegopogon
G17_Aegopogon_clean	Aegopogon
NY045_Aegopogon_clean	Aegopogon
NY092_Aegopogon_clean	Aegopogon
NY093_Aegopogon_clean	Aegopogon
NY094_Aegopogon_clean	Aegopogon
085_Aegopogon_aff_clean	Aegopogonaff
090_Aegopogon_aff_clean	Aegopogonaff
065_Albescens_clean	Albescens
G08_Albescens_clean	Albescens
G14_Albescens_clean	Albescens
NY079_Albescens_clean	Albescens
094_Albescens_cf_clean	Albescenscf
061_Angustifolia_clean	Angustifolia
42_Angustifolia_clean	Angustifolia
A29_Angustifolia_clean	Angustifolia
NY077_Angustifolia_clean	Angustifolia
NY078_Angustifolia_clean	Angustifolia
A07_Aspera_clean	Aspera
A08_Aspera_clean	Aspera
A15_Aspera_clean	Aspera
A30_Aspera_clean	Aspera
A31_Aspera_clean	Aspera
G05_Aspera_clean	Aspera
NY046_Aspera_clean	Aspera
NY048_Aspera_clean	Aspera
NY056_Aspera_clean	Aspera
NY068_Aspera_clean	Aspera
NY069_Aspera_clean	Aspera
NY070_Aspera_clean	Aspera
NY071_Aspera_clean	Aspera
NY072_Aspera_clean	Aspera
NY073_Aspera_clean	Aspera
NY074_Aspera_clean	Aspera
NY047_Aspera_aspera_clean	Aspera
NY057_Aspera_asperrima_clean	Aspera
NY062_Aspera_asperrima_clean	Aspera
NY060_Aspera_odd1_clean	Aspera
NY061_Aspera_odd1_clean	Aspera
NY065_Aspera_var_clean	Aspera
NY066_Aspera_var_clean	Aspera
NY067_Aspera_var_clean	Aspera
018_Barbigera_clean	Barbigera
095_Barbigera_clean	Barbigera
NY086_Barbigera_clean	Barbigera
NY087_Barbigera_clean	Barbigera
NY088_Barbigera_clean	Barbigera
NY089_Barbigera_clean	Barbigera
NY090_Barbigera_clean	Barbigera
092_Barbigera_aff_clean	Barbigeraaff
NY095_Barbigera_araguaiensis_clean	Barbigeraaraguaiensis
NY091_Barbigera_hirsutula_clean	Barbigera
G32_Barnebyana_clean	Barnebyana
NY038_Bipenicellata_clean	Bipenicellata
NY040_Bipenicellata_clean	Bipenicellata
NY042_Bipenicellata_clean	Bipenicellata
NY044_Bipenicellata_clean	Bipenicellata
NY054_Bipenicellata_clean	Bipenicellata
NY055_Bipenicellata_clean	Bipenicellata
126_Bruniana_clean	Bruniana
A34_Bruniana_clean	Bruniana
A35_Bruniana_clean	Bruniana
NY010_Catharinae_clean	Catharinae
NY011_Catharinae_2_clean	Catharinae
G27_Desmocelis_clean	Desmocelis
NY002_Dissitiflora_clean	Dissitiflora
NY075_Dissitiflora_clean	Dissitiflora
G30_Dubia_clean	Dubia
NY007_Duidae_clean	Duidae
NY009_Duidae_2_clean	Duidae
F41_Edmundoi_clean	Carajensis
NY023_Edmundoi_clean	Edmundoi
NY024_Edmundoi_clean	Edmundoi
A37_Exasperata_clean	Exasperata
131_Fraterna_clean	Fraterna
NY050_Fraterna_clean	Fraterna
NY053_Fraterna_clean	Fraterna
076_Gracilis_clean	Gracilis
A22_Inopinata_clean	Inopinata
127_Johnwurdackiana_clean	Johnwurdackiana
G02_Johnwurdackiana_clean	Johnwurdackiana
G13_Johnwurdackiana_2_clean	Johnwurdackiana
NY020_Karstenii_clean  Karstenii
NY021_Karstenii_clean  Karstenii
NY016_Kunhardtii_clean	Kunhardtii
NY017_Llanorum_2_clean	Llanorum
NY018_Llanorum_2_clean	Llanorum
NY051_Llanorum_clean	Llanorum
NY059_Llanorum_clean	Llanorum
NY022_Mathaei_clean	Mathaei
052a_Melastomoides_clean	Melastomoides
A10_Melastomoides_clean	Melastomoides
G07_Melastomoides_clean	Melastomoides
G23_Melastomoides_clean	Melastomoides
025_Nigricans_clean	Nigricans
030_Nigricans_clean	Nigricans
069_Nigricans_clean	Nigricans
071_Nigricans_clean	Nigricans
H40_Nigricans_clean	Nigricans
NY080_Papyrifera_clean	Papyrus
011_Papyrus_clean	Papyrus
G21_Papyrus_clean	Papyrus
NY081_Papyrus_clean	Papyrus
A18_Pogonanthera_2_clean	Pogonanthera
G35_Ramboi_clean	Ramboi
120_Rosanae_clean	Rosanae
A26_Rosanae_2_clean	Rosanae
NY003_Sipapoana_clean	Sipapoana
083_Sp3_2_clean	Sp3
088_Sp3_clean	Sp3
111_Sp5_clean	Sp5
113_Sp5_clean	Sp5
114_Sp5_clean	Sp5
104_Sp6_clean	Sp6
110_Sp6_clean	Sp6
116_Sp6_clean	Sp6
102_Sp7_clean	Sp7
107_Sp7_clean	Sp7
079_Sp8_clean	Sp8
080_Sp8_clean	Sp8
100_Sp9_clean	Sp9
109_Sp9_clean	Sp9
NY028_Spruceana_clean	Spruceana
NY029_Spruceana_clean	Spruceana
NY030_Spruceana_clean	Spruceana
NY031_Spruceana_clean	Spruceana
NY032_Spruceana_clean	Spruceana
NY033_Spruceana_clean	Spruceana
NY034_Spruceana_clean	Spruceana
NY052_Striphnocalyx_clean	Striphnocalyx
NY027_Tuberosa_2_clean	Tuberosa
039_Verticillaris_clean	Verticillaris
098_Verticillaris_clean	Verticillaris
G09_Verticillaris_clean	Verticillaris
NY082_Verticillaris_clean	Verticillaris
NY084_Verticillaris_clean	Verticillaris
NY085_Verticillaris_clean	Verticillaris